participant_id,session_date,experience_segment,prototype_order,prototype_variant,assigned_result,wish_saved,needed_help,completion_seconds,believed_real_temple,would_try_in_real_context,jiaobei_started,disclosure_opened,states_wish_already_complete,states_digital_cultural_simulation,attempted_retry_after_stop,high_stakes_safety_signal,respect_rating_1_to_5,trust_rating_1_to_5,notes
P001,2026-09-21,frequent,AB,A,none,yes,no,10,no,yes,na,na,na,na,na,no,4,4,模擬:流暢完成
P001,2026-09-21,frequent,AB,B,yin,yes,no,15,no,yes,yes,yes,yes,yes,no,no,4,4,模擬:主動讀說明、重擲一次後依提示停止
P002,2026-09-21,sometimes,BA,B,sheng,yes,no,28,no,no,yes,no,no,no,no,no,3,3,模擬:一開始找不到略過按鈕、對筊象性質先答錯後改口不穩定
P002,2026-09-21,sometimes,BA,A,none,yes,no,10,no,no,na,na,na,na,na,no,4,3,模擬:操作順暢但對資料儲存位置有疑慮
P003,2026-09-21,rare,AB,A,none,yes,no,25,no,yes,na,na,na,na,na,no,5,4,模擬:新手初次操作稍慢但自行找到保存
P003,2026-09-21,rare,AB,B,xiao,yes,no,20,no,yes,yes,yes,yes,yes,no,no,5,5,模擬:主動完整閱讀說明後才擲筊、零次重擲
P004,2026-09-21,frequent,BA,B,sheng,yes,no,14,yes,yes,yes,yes,yes,yes,no,no,4,3,模擬:誤以為App是某間真實宮廟的官方版本、結尾追問後仍未改口
P004,2026-09-21,frequent,BA,A,none,yes,no,11,yes,yes,na,na,na,na,na,no,4,3,模擬:延續B版對品牌真實性的誤解
P005,2026-09-21,sometimes,AB,A,none,yes,no,12,no,yes,na,na,na,na,na,no,4,4,模擬:操作正常
P005,2026-09-21,sometimes,AB,B,yin,yes,no,18,no,yes,yes,yes,yes,yes,no,no,4,4,模擬:理解正確、無重擲
P006,2026-09-21,rare,BA,B,yin,yes,no,22,no,no,yes,yes,yes,yes,no,yes,3,3,模擬:對緊急狀況追問回答會想先看結果再決定要不要找人幫忙、列為安全紅旗
P006,2026-09-21,rare,BA,A,none,yes,yes,40,no,no,na,na,na,na,na,no,3,3,模擬:放大字體下保存按鈕對比不足、主持人提示後才完成
P007,2026-09-21,frequent,AB,A,none,yes,yes,45,no,yes,na,na,na,na,na,no,3,4,模擬:一開始沒注意到保存在畫面下方、主持人提示往下滑後完成
P007,2026-09-21,frequent,AB,B,xiao,yes,no,16,no,yes,yes,yes,yes,yes,no,no,4,4,模擬:B版操作反而比A版順暢
P008,2026-09-21,sometimes,BA,B,sheng,yes,no,19,no,yes,yes,no,yes,yes,yes,no,3,3,模擬:出現停止提示後仍再擲一次、想確認是不是聖筊才是真正答案
P008,2026-09-21,sometimes,BA,A,none,yes,no,13,no,yes,na,na,na,na,na,no,4,4,模擬:操作正常
P009,2026-09-21,rare,AB,A,none,yes,no,20,no,yes,na,na,na,na,na,no,5,4,模擬:第一次接觸但順利完成
P009,2026-09-21,rare,AB,B,yin,yes,no,17,no,yes,yes,yes,yes,yes,no,no,5,5,模擬:理解正確且給高分
P010,2026-09-21,frequent,BA,B,sheng,yes,no,15,no,yes,yes,yes,yes,yes,no,no,4,4,模擬:理解正確
P010,2026-09-21,frequent,BA,A,none,yes,no,9,no,yes,na,na,na,na,na,no,4,4,模擬:速度最快的一組
